<?xml version='1.0' encoding='utf-8'?>
<!DOCTYPE hibernate-configuration 
PUBLIC "-//Hibernate/Hibernate Configuration DTD//EN" 
"http://hibernate.sourceforge.net/hibernate-configuration-3.0.dtd">
 
    <hibernate-configuration>
    <session-factory>  
    <property name="connection.driver_class">
        oracle.jdbc.driver.OracleDriver
        </property>    
    <property name="connection.url">
        jdbc:oracle:thin:@localhost:1521:ORCL
        </property>    
    <property name="connection.username">
        scott</property>    
    <property name="connection.password">
        tiger</property>  
         <property name="dialect">
        org.hibernate.dialect.Oracle10gDialect
        </property>  
        <property name="show_sql">true</property>
    
    <property name="hbm2ddl.auto">update</property>  
    
   <mapping 
       class="com.wipro.HibernateProject.Bean.EmpBean"></mapping> 
         
    </session-factory>  
    </hibernate-configuration>  